{
    "accuracy": [
        0.844,
        0.914,
        0.978,
        0.982,
        0.99
    ],
    "precision": [
        0.8492546438896698,
        0.9200191114942704,
        0.95053159160147,
        0.9385091832852603,
        0.9393083059262919
    ],
    "recall": [
        0.8233631032224382,
        0.9342966100261894,
        0.9839278634113642,
        0.9901703486824595,
        0.9907280741754066
    ],
    "f1_score": [
        0.8292933492597311,
        0.9248889778933712,
        0.9753472434447061,
        0.9667947291660053,
        0.9645391201581632
    ]
}