fold,accuracy,precision,recall,f1_score
1,0.946,0.9490596882596883,0.9470991169938662,0.9426300534337045
2,0.922,0.9238329705783589,0.9250437070768042,0.9245538935240969
3,0.95,0.910626383013235,0.9655197236306141,0.9304142769200623
4,0.922,0.9253951763280606,0.9117732951652189,0.9185608175924663
5,0.948,0.9507207674666863,0.9614073517155314,0.952539105373952
Average,0.9376,0.9319269971292059,0.9421686389164069,0.9337396293688563
Std Dev,0.012799999999999957,0.015547533691052499,0.020769453790764496,0.012314966317294384
