fold,accuracy,precision,recall,f1_score
1,0.996,0.9960164948453608,0.9411764705882353,0.995879132231405
2,1.0,0.97,0.95,0.9598958332833388
3,0.998,0.9980041493775934,0.9736842105263157,0.9979740113945722
4,0.998,0.9980041666666667,0.9761904761904762,0.9979766525089652
5,0.998,0.9980041666666667,0.9761904761904762,0.9979766525089652
Average,0.998,0.9920057955112576,0.9634483266991006,0.9899404563854493
Std Dev,0.0012649110640673528,0.011029795169210856,0.014875423561527256,0.01504424242364523
