fold,accuracy,precision,recall,f1_score
1,0.996,0.9290288177619178,0.9411764705882353,0.9269139031297393
2,1.0,0.97343933087375,0.9303762863350775,0.9483937706005381
3,0.998,0.9566369792075878,0.9736842105263157,0.9580261370153541
4,0.998,0.9481882758815772,0.9761904761904762,0.9633527288326029
5,0.998,0.9371544672222062,0.9761904761904762,0.9489584640393333
Average,0.998,0.9488895741894078,0.9595235839661163,0.9491290007235136
Std Dev,0.0012649110640673528,0.01546199882613138,0.019709264146119,0.012454346090519415
