fold,accuracy,precision,recall,f1_score
1,0.996,0.9290288177619178,0.9411764705882353,0.9269139031297393
2,1.0,0.97343933087375,0.9303762863350775,0.9483937706005381
3,0.998,0.9566369792075878,0.9736842105263157,0.9580261370153541
4,0.998,0.9481882758815772,0.9761904761904762,0.9633527288326029
5,0.996,0.9352764021576326,0.9751466348543593,0.9474909870361826
Average,0.9975999999999999,0.948513961176493,0.9593148156988928,0.9488355053228835
Std Dev,0.001496662954709578,0.015762406732819253,0.01953638639871081,0.012472184981313082
