epoch,fold_1_train_loss,fold_2_train_loss,fold_3_train_loss,fold_4_train_loss,fold_5_train_loss,fold_1_val_loss,fold_2_val_loss,fold_3_val_loss,fold_4_val_loss,fold_5_val_loss
1,1.7883579662442208,1.740074858367443,1.7986158415675164,1.784384187757969,1.937425880432129,0.8135203309357166,0.7551797591149807,0.8134759161621332,0.7811536882072687,0.8969579637050629
2,0.7377124863862992,0.6979255454242229,0.7585335278511047,0.7274427156150342,0.7994384904205799,0.4506052490323782,0.4241815973073244,0.44957776740193367,0.4671976827085018,0.49619128089398146
3,0.46163503125309946,0.4384845672920346,0.466111286431551,0.4609973146766424,0.48884471341967584,0.3145427657291293,0.2696251478046179,0.2954344702884555,0.3184990677982569,0.3451832979917526
4,0.3030965245142579,0.2975162008032203,0.3114205602183938,0.3211367604136467,0.3511175584048033,0.24434006167575717,0.21005842182785273,0.224761423189193,0.2639818121679127,0.24646627996116877
5,0.22455242672935127,0.22057559365406632,0.22988655883818865,0.23281790737062694,0.2596785871870816,0.2253086776472628,0.17566106468439102,0.2002558959648013,0.24255555123090744,0.20994563354179263
