,accuracy,precision,recall,f1_score
Fold 1,0.07140228192859772,0.005098285864610952,0.05263157894736842,0.00930736673977955
Fold 2,0.07140228192859772,0.005098285864610952,0.05263157894736842,0.009211447902963275
Fold 3,0.07140228192859772,0.005098285864610952,0.05263157894736842,0.009253202099085278
Fold 4,0.07140228192859772,0.005098285864610952,0.05263157894736842,0.009273177738593777
Fold 5,0.07140228192859772,0.005098285864610952,0.05263157894736842,0.009284863807809917
Average,0.07140228192859772,0.005098285864610952,0.05263157894736842,0.009266011657646359
Std Dev,0.0,0.0,0.0,3.242926831065654e-05
