epoch,accuracy,precision,recall,f1_score
1,0.07140228192859772,0.005098285864610952,0.05263157894736842,0.00925976256548156
2,0.07140228192859772,0.005098285864610952,0.05263157894736842,0.009240865578023585
3,0.07140228192859772,0.005098285864610952,0.05263157894736842,0.009329159975473773
4,0.07140228192859772,0.005098285864610952,0.05263157894736842,0.009373029668541194
5,0.07140228192859772,0.005098285864610952,0.05263157894736842,0.00935348798360555
