{
    "accuracy": [
        0.07140228192859772,
        0.07140228192859772,
        0.07140228192859772,
        0.07140228192859772,
        0.07140228192859772
    ],
    "precision": [
        0.005098285864610952,
        0.005098285864610952,
        0.005098285864610952,
        0.005098285864610952,
        0.005098285864610952
    ],
    "recall": [
        0.05263157894736842,
        0.05263157894736842,
        0.05263157894736842,
        0.05263157894736842,
        0.05263157894736842
    ],
    "f1_score": [
        0.009368639711361343,
        0.009374829933278497,
        0.009304396643553953,
        0.009307840252191842,
        0.009301007297692818
    ]
}