{
    "accuracy": [
        0.07140228192859772,
        0.07140228192859772,
        0.07140228192859772,
        0.07140228192859772,
        0.07140228192859772
    ],
    "precision": [
        0.005098285864610952,
        0.005098285864610952,
        0.005098285864610952,
        0.005098285864610952,
        0.005098285864610952
    ],
    "recall": [
        0.05263157894736842,
        0.05263157894736842,
        0.05263157894736842,
        0.05263157894736842,
        0.05263157894736842
    ],
    "f1_score": [
        0.00925976256548156,
        0.009240865578023585,
        0.009329159975473773,
        0.009373029668541194,
        0.00935348798360555
    ]
}