{
    "accuracy": [
        0.764,
        0.868,
        0.904,
        0.94,
        0.946
    ],
    "precision": [
        0.7403981876705307,
        0.8496588240411113,
        0.9136241685122694,
        0.9431123475618003,
        0.9490596882596883
    ],
    "recall": [
        0.6979972372589666,
        0.7897727692720262,
        0.8856036763654852,
        0.9117210330597937,
        0.9470991169938662
    ],
    "f1_score": [
        0.7144433335196536,
        0.8139176345078618,
        0.8942271618912545,
        0.9218229838357138,
        0.9426300534337045
    ]
}