epoch,accuracy,precision,recall,f1_score
1,0.07140228192859772,0.005098285864610952,0.05263157894736842,0.009368639711361343
2,0.07140228192859772,0.005098285864610952,0.05263157894736842,0.009374829933278497
3,0.07140228192859772,0.005098285864610952,0.05263157894736842,0.009304396643553953
4,0.07140228192859772,0.005098285864610952,0.05263157894736842,0.009307840252191842
5,0.07140228192859772,0.005098285864610952,0.05263157894736842,0.009301007297692818
