{
    "accuracy": [
        0.77,
        0.858,
        0.912,
        0.942,
        0.95
    ],
    "precision": [
        0.7475928918747251,
        0.8511583913066771,
        0.914859495877435,
        0.878659785473621,
        0.8861218643311465
    ],
    "recall": [
        0.685390315127116,
        0.7967681513278246,
        0.9035372036642725,
        0.9378954475709401,
        0.9493526758263072
    ],
    "f1_score": [
        0.71103185230632,
        0.8183357660355303,
        0.9039383999407977,
        0.8994043852147066,
        0.9086593435171051
    ]
}