{
    "accuracy": [
        0.07140228192859772,
        0.07140228192859772,
        0.07140228192859772,
        0.07140228192859772,
        0.07140228192859772
    ],
    "precision": [
        0.005098285864610952,
        0.005098285864610952,
        0.005098285864610952,
        0.005098285864610952,
        0.005098285864610952
    ],
    "recall": [
        0.05263157894736842,
        0.05263157894736842,
        0.05263157894736842,
        0.05263157894736842,
        0.05263157894736842
    ],
    "f1_score": [
        0.009331560568019618,
        0.009316930619609089,
        0.009359503907397619,
        0.009301594554497325,
        0.00926804783268791
    ]
}