epoch,accuracy,precision,recall,f1_score
1,0.07140228192859772,0.005098285864610952,0.05263157894736842,0.009331560568019618
2,0.07140228192859772,0.005098285864610952,0.05263157894736842,0.009316930619609089
3,0.07140228192859772,0.005098285864610952,0.05263157894736842,0.009359503907397619
4,0.07140228192859772,0.005098285864610952,0.05263157894736842,0.009301594554497325
5,0.07140228192859772,0.005098285864610952,0.05263157894736842,0.00926804783268791
