{
    "accuracy": [
        0.782,
        0.866,
        0.922,
        0.932,
        0.938
    ],
    "precision": [
        0.7780370581799079,
        0.8583453545239921,
        0.9246298176636775,
        0.9350643154940175,
        0.9400519632865111
    ],
    "recall": [
        0.6984231402905743,
        0.8341108066812244,
        0.905460570900673,
        0.9357358819447111,
        0.9378682208240381
    ],
    "f1_score": [
        0.7318535599099573,
        0.8411925375593663,
        0.9096868739878328,
        0.9300245017797423,
        0.9335628943078336
    ]
}