epoch,accuracy,precision,recall,f1_score
1,0.07140228192859772,0.005098285864610952,0.05263157894736842,0.009388965752970383
2,0.07140228192859772,0.005098285864610952,0.05263157894736842,0.009309077959983337
3,0.07140228192859772,0.005098285864610952,0.05263157894736842,0.009204620931955818
4,0.07140228192859772,0.005098285864610952,0.05263157894736842,0.009351077291347988
5,0.07140228192859772,0.005098285864610952,0.05263157894736842,0.009263186714294337
