epoch,accuracy,precision,recall,f1_score
1,0.07140228192859772,0.005098285864610952,0.05263157894736842,0.009215684155997113
2,0.07140228192859772,0.005098285864610952,0.05263157894736842,0.009206570574479933
3,0.07140228192859772,0.005098285864610952,0.05263157894736842,0.009336774605814526
4,0.07140228192859772,0.005098285864610952,0.05263157894736842,0.00937981910318515
5,0.07140228192859772,0.005098285864610952,0.05263157894736842,0.00926832519859738
