{
    "accuracy": [
        0.07140228192859772,
        0.07140228192859772,
        0.07140228192859772,
        0.07140228192859772,
        0.07140228192859772
    ],
    "precision": [
        0.005098285864610952,
        0.005098285864610952,
        0.005098285864610952,
        0.005098285864610952,
        0.005098285864610952
    ],
    "recall": [
        0.05263157894736842,
        0.05263157894736842,
        0.05263157894736842,
        0.05263157894736842,
        0.05263157894736842
    ],
    "f1_score": [
        0.009388965752970383,
        0.009309077959983337,
        0.009204620931955818,
        0.009351077291347988,
        0.009263186714294337
    ]
}