{
    "accuracy": [
        0.07140228192859772,
        0.07140228192859772,
        0.07140228192859772,
        0.07140228192859772,
        0.07140228192859772
    ],
    "precision": [
        0.005098285864610952,
        0.005098285864610952,
        0.005098285864610952,
        0.005098285864610952,
        0.005098285864610952
    ],
    "recall": [
        0.05263157894736842,
        0.05263157894736842,
        0.05263157894736842,
        0.05263157894736842,
        0.05263157894736842
    ],
    "f1_score": [
        0.009215684155997113,
        0.009206570574479933,
        0.009336774605814526,
        0.00937981910318515,
        0.00926832519859738
    ]
}