epoch,training_loss_1,validation_loss_1,training_loss_2,validation_loss_2,training_loss_3,validation_loss_3,training_loss_4,validation_loss_4,training_loss_5,validation_loss_5,accuracy_1,accuracy_2,accuracy_3,accuracy_4,accuracy_5,precision_1,precision_2,precision_3,precision_4,precision_5,recall_1,recall_2,recall_3,recall_4,recall_5,f1_score_1,f1_score_2,f1_score_3,f1_score_4,f1_score_5
"range(1, 6)",1.7883579662442208,0.8135203309357166,0.7377124863862992,0.4506052490323782,0.46163503125309946,0.3145427657291293,0.3030965245142579,0.24434006167575717,0.22455242672935127,0.2253086776472628,0.764,0.868,0.904,0.94,0.946,0.7403981876705307,0.8496588240411113,0.9136241685122694,0.9431123475618003,0.9490596882596883,0.6979972372589666,0.7897727692720262,0.8856036763654852,0.9117210330597937,0.9470991169938662,0.7144433335196536,0.8139176345078618,0.8942271618912545,0.9218229838357138,0.9426300534337045
