epoch,training_loss_1,validation_loss_1,training_loss_2,validation_loss_2,training_loss_3,validation_loss_3,training_loss_4,validation_loss_4,training_loss_5,validation_loss_5,accuracy_1,accuracy_2,accuracy_3,accuracy_4,accuracy_5,precision_1,precision_2,precision_3,precision_4,precision_5,recall_1,recall_2,recall_3,recall_4,recall_5,f1_score_1,f1_score_2,f1_score_3,f1_score_4,f1_score_5
"range(1, 6)",1.7986158415675164,0.8134759161621332,0.7585335278511047,0.44957776740193367,0.466111286431551,0.2954344702884555,0.3114205602183938,0.224761423189193,0.22988655883818865,0.2002558959648013,0.77,0.858,0.912,0.942,0.95,0.7475928918747251,0.8511583913066771,0.914859495877435,0.878659785473621,0.8861218643311465,0.685390315127116,0.7967681513278246,0.9035372036642725,0.9378954475709401,0.9493526758263072,0.71103185230632,0.8183357660355303,0.9039383999407977,0.8994043852147066,0.9086593435171051
