epoch,training_loss_1,validation_loss_1,training_loss_2,validation_loss_2,training_loss_3,validation_loss_3,training_loss_4,validation_loss_4,training_loss_5,validation_loss_5,accuracy_1,accuracy_2,accuracy_3,accuracy_4,accuracy_5,precision_1,precision_2,precision_3,precision_4,precision_5,recall_1,recall_2,recall_3,recall_4,recall_5,f1_score_1,f1_score_2,f1_score_3,f1_score_4,f1_score_5
"range(1, 6)",1.784384187757969,0.7811536882072687,0.7274427156150342,0.4671976827085018,0.4609973146766424,0.3184990677982569,0.3211367604136467,0.2639818121679127,0.23281790737062694,0.24255555123090744,0.782,0.866,0.922,0.932,0.938,0.7780370581799079,0.8583453545239921,0.9246298176636775,0.9350643154940175,0.9400519632865111,0.6984231402905743,0.8341108066812244,0.905460570900673,0.9357358819447111,0.9378682208240381,0.7318535599099573,0.8411925375593663,0.9096868739878328,0.9300245017797423,0.9335628943078336
