epoch,training_loss_1,validation_loss_1,training_loss_2,validation_loss_2,training_loss_3,validation_loss_3,training_loss_4,validation_loss_4,training_loss_5,validation_loss_5,accuracy_1,accuracy_2,accuracy_3,accuracy_4,accuracy_5,precision_1,precision_2,precision_3,precision_4,precision_5,recall_1,recall_2,recall_3,recall_4,recall_5,f1_score_1,f1_score_2,f1_score_3,f1_score_4,f1_score_5
"range(1, 6)",0.038740403409532845,12.393237787134508,0.0049159462850476435,11.490594314126408,0.004895105248075629,12.35877181782442,0.0036762590589727927,13.253843924578499,0.0008373828289367583,13.411856808381922,0.07140228192859772,0.07140228192859772,0.07140228192859772,0.07140228192859772,0.07140228192859772,0.005098285864610952,0.005098285864610952,0.005098285864610952,0.005098285864610952,0.005098285864610952,0.05263157894736842,0.05263157894736842,0.05263157894736842,0.05263157894736842,0.05263157894736842,0.009215684155997113,0.009206570574479933,0.009336774605814526,0.00937981910318515,0.00926832519859738
