epoch,training_loss_1,validation_loss_1,training_loss_2,validation_loss_2,training_loss_3,validation_loss_3,training_loss_4,validation_loss_4,training_loss_5,validation_loss_5,accuracy_1,accuracy_2,accuracy_3,accuracy_4,accuracy_5,precision_1,precision_2,precision_3,precision_4,precision_5,recall_1,recall_2,recall_3,recall_4,recall_5,f1_score_1,f1_score_2,f1_score_3,f1_score_4,f1_score_5
"range(1, 6)",0.037074301256552644,12.189842381196863,0.00813030146912297,11.692046445958754,0.007339380122023916,12.385188697366154,0.006865428880341066,11.481437077241786,0.0058395677810570605,12.821832151973949,0.07140228192859772,0.07140228192859772,0.07140228192859772,0.07140228192859772,0.07140228192859772,0.005098285864610952,0.005098285864610952,0.005098285864610952,0.005098285864610952,0.005098285864610952,0.05263157894736842,0.05263157894736842,0.05263157894736842,0.05263157894736842,0.05263157894736842,0.00925976256548156,0.009240865578023585,0.009329159975473773,0.009373029668541194,0.00935348798360555
