epoch,training_loss_1,validation_loss_1,training_loss_2,validation_loss_2,training_loss_3,validation_loss_3,training_loss_4,validation_loss_4,training_loss_5,validation_loss_5,accuracy_1,accuracy_2,accuracy_3,accuracy_4,accuracy_5,precision_1,precision_2,precision_3,precision_4,precision_5,recall_1,recall_2,recall_3,recall_4,recall_5,f1_score_1,f1_score_2,f1_score_3,f1_score_4,f1_score_5
"range(1, 6)",1.937425880432129,0.8969579637050629,0.7994384904205799,0.49619128089398146,0.48884471341967584,0.3451832979917526,0.3511175584048033,0.24646627996116877,0.2596785871870816,0.20994563354179263,0.75,0.846,0.888,0.938,0.942,0.7457681842604382,0.8499462874127381,0.8911352681375854,0.940533483078766,0.878659785473621,0.646325325630139,0.8092710613562992,0.8872836285474994,0.9371120224211642,0.9378571682466313,0.6885153819220154,0.8243454449089421,0.8840952688102868,0.9334245072477313,0.899386629174058
