epoch,training_loss_1,validation_loss_1,training_loss_2,validation_loss_2,training_loss_3,validation_loss_3,training_loss_4,validation_loss_4,training_loss_5,validation_loss_5,accuracy_1,accuracy_2,accuracy_3,accuracy_4,accuracy_5,precision_1,precision_2,precision_3,precision_4,precision_5,recall_1,recall_2,recall_3,recall_4,recall_5,f1_score_1,f1_score_2,f1_score_3,f1_score_4,f1_score_5
"range(1, 6)",0.040937147039191206,11.527475502911736,0.006315097101182433,12.36272367589614,0.005845254364081655,12.77077122856589,0.0024145815139101435,13.568217176549576,0.0016031252256006898,13.714151775135713,0.07140228192859772,0.07140228192859772,0.07140228192859772,0.07140228192859772,0.07140228192859772,0.005098285864610952,0.005098285864610952,0.005098285864610952,0.005098285864610952,0.005098285864610952,0.05263157894736842,0.05263157894736842,0.05263157894736842,0.05263157894736842,0.05263157894736842,0.009331560568019618,0.009316930619609089,0.009359503907397619,0.009301594554497325,0.00926804783268791
