epoch,training_loss_1,validation_loss_1,training_loss_2,validation_loss_2,training_loss_3,validation_loss_3,training_loss_4,validation_loss_4,training_loss_5,validation_loss_5,accuracy_1,accuracy_2,accuracy_3,accuracy_4,accuracy_5,precision_1,precision_2,precision_3,precision_4,precision_5,recall_1,recall_2,recall_3,recall_4,recall_5,f1_score_1,f1_score_2,f1_score_3,f1_score_4,f1_score_5
"range(1, 6)",0.0361628656279341,12.516410726659439,0.001916499647592218,12.77731388316435,0.0017749233613670867,11.607685122770421,0.001570774888809486,13.600498603372014,0.0009371745412446822,13.79801586375517,0.07140228192859772,0.07140228192859772,0.07140228192859772,0.07140228192859772,0.07140228192859772,0.005098285864610952,0.005098285864610952,0.005098285864610952,0.005098285864610952,0.005098285864610952,0.05263157894736842,0.05263157894736842,0.05263157894736842,0.05263157894736842,0.05263157894736842,0.009368639711361343,0.009374829933278497,0.009304396643553953,0.009307840252191842,0.009301007297692818
