epoch,training_loss_1,validation_loss_1,training_loss_2,validation_loss_2,training_loss_3,validation_loss_3,training_loss_4,validation_loss_4,training_loss_5,validation_loss_5,accuracy_1,accuracy_2,accuracy_3,accuracy_4,accuracy_5,precision_1,precision_2,precision_3,precision_4,precision_5,recall_1,recall_2,recall_3,recall_4,recall_5,f1_score_1,f1_score_2,f1_score_3,f1_score_4,f1_score_5
"range(1, 6)",0.037305242385846406,11.515272151722627,0.005130892796488266,12.743833238938276,0.005006463990448965,12.451277328939998,0.004098524476400976,13.046366343778722,0.0026803340984513867,13.213931308073157,0.07140228192859772,0.07140228192859772,0.07140228192859772,0.07140228192859772,0.07140228192859772,0.005098285864610952,0.005098285864610952,0.005098285864610952,0.005098285864610952,0.005098285864610952,0.05263157894736842,0.05263157894736842,0.05263157894736842,0.05263157894736842,0.05263157894736842,0.009388965752970383,0.009309077959983337,0.009204620931955818,0.009351077291347988,0.009263186714294337
