epoch,training_loss_1,validation_loss_1,training_loss_2,validation_loss_2,training_loss_3,validation_loss_3,training_loss_4,validation_loss_4,training_loss_5,validation_loss_5,accuracy_1,accuracy_2,accuracy_3,accuracy_4,accuracy_5,precision_1,precision_2,precision_3,precision_4,precision_5,recall_1,recall_2,recall_3,recall_4,recall_5,f1_score_1,f1_score_2,f1_score_3,f1_score_4,f1_score_5
"range(1, 6)",1.740074858367443,0.7551797591149807,0.6979255454242229,0.4241815973073244,0.4384845672920346,0.2696251478046179,0.2975162008032203,0.21005842182785273,0.22057559365406632,0.17566106468439102,0.772,0.87,0.92,0.944,0.95,0.7471127832341241,0.8747303679875715,0.9233887637369881,0.944897151784629,0.8861218643311465,0.7051100915691205,0.8313437799397387,0.8994261440475086,0.8616453051880024,0.9474663488707278,0.7213347504864804,0.8475864092156077,0.9060132552026392,0.8934974621777826,0.9077868099719036
