epoch,accuracy,precision,recall,f1_score,loss
1,0.844,0.8492546438896698,0.8233631032224382,0.8292933492597311,0.493786078877747
2,0.914,0.9200191114942704,0.9342966100261894,0.9248889778933712,0.2563370624557137
3,0.978,0.95053159160147,0.9839278634113642,0.975347243444706,0.0909042335115373
4,0.982,0.9385091832852605,0.9901703486824596,0.9667947291660052,0.0752241712762042
5,0.99,0.9393083059262919,0.9907280741754066,0.9645391201581632,0.0462015777520719
