epoch,training_loss_1,validation_loss_1,training_loss_2,validation_loss_2,training_loss_3,validation_loss_3,training_loss_4,validation_loss_4,training_loss_5,validation_loss_5,accuracy_1,accuracy_2,accuracy_3,accuracy_4,accuracy_5,precision_1,precision_2,precision_3,precision_4,precision_5,recall_1,recall_2,recall_3,recall_4,recall_5,f1_score_1,f1_score_2,f1_score_3,f1_score_4,f1_score_5
"range(1, 6)",1.3111795391070817,0.49378607887774706,0.5025691915777879,0.25633706245571375,0.2713658640429471,0.09090423351153731,0.1493290019229381,0.07522417127620429,0.08470088265309332,0.0462015777520719,0.844,0.914,0.978,0.982,0.99,0.8492546438896698,0.9200191114942704,0.95053159160147,0.9385091832852603,0.9393083059262919,0.8233631032224382,0.9342966100261894,0.9839278634113642,0.9901703486824595,0.9907280741754066,0.8292933492597311,0.9248889778933712,0.9753472434447061,0.9667947291660053,0.9645391201581632
