epoch,accuracy,precision,recall,f1_score
1,0.822,0.8114248626525407,0.7590496540854876,0.7815870936478885
2,0.948,0.8938085414858159,0.9315089870583765,0.9133031574219752
3,0.972,0.9447001094444059,0.9168921918067857,0.9386782249764419
4,0.982,0.9180795021236642,0.9292857142857142,0.926305751220231
5,0.984,0.9336155283146174,0.9377008542093931,0.935853498029427
