epoch,accuracy,precision,recall,f1_score
1,0.8454177401545823,0.8409106098177974,0.8142056906675718,0.8307446990290623
