epoch,accuracy,precision,recall,f1_score
1,0.9937430990062569,0.9285675739751995,0.9542560137754896,0.9393645181091201
