epoch,training_loss,validation_loss
1,1.3111795391070817,0.49378607887774706
2,0.5025691915777879,0.25633706245571375
3,0.2713658640429471,0.09090423351153731
4,0.1493290019229381,0.07522417127620429
5,0.08470088265309332,0.0462015777520719
