epoch,training_loss_1,validation_loss_1,training_loss_2,validation_loss_2,training_loss_3,validation_loss_3,training_loss_4,validation_loss_4,training_loss_5,validation_loss_5,accuracy_1,accuracy_2,accuracy_3,accuracy_4,accuracy_5,precision_1,precision_2,precision_3,precision_4,precision_5,recall_1,recall_2,recall_3,recall_4,recall_5,f1_score_1,f1_score_2,f1_score_3,f1_score_4,f1_score_5
"range(1, 6)",0.08868056871206499,0.021194182885665214,0.03406561075837817,0.0038270817376542254,0.012357218268545694,0.00016915197466005338,0.004471918468254444,4.2254624418092135e-05,0.0017199557641652064,0.019603032203519888,0.994,0.998,1.0,1.0,0.998,0.9271632980475365,0.9484755337624073,0.9280562925618264,0.9542633284429609,0.9371544672222062,0.9117647058823529,0.9722222222222222,0.9385540873823526,0.9300884527871515,0.9989561586638831,0.9113867535580856,0.9677042457855703,0.9380464122589132,0.9481241632856571,0.9596705567527667
