epoch,fold_1_train_loss,fold_2_train_loss,fold_3_train_loss,fold_4_train_loss,fold_5_train_loss,fold_1_val_loss,fold_2_val_loss,fold_3_val_loss,fold_4_val_loss,fold_5_val_loss
1,0.10195283916487824,0.11187482067965902,0.10467871627362911,0.0990466475125868,0.10390538511099294,0.051643389742821455,0.037061945760797244,0.04449694958748296,0.025910978147294372,0.0489489361680171
2,0.03649534642026993,0.039314638286305124,0.03846878750482574,0.030858834297105203,0.03805801178183174,0.0320227073298156,0.0104091428402171,0.0282131544117874,0.0026705973796197213,0.00871397988339595
3,0.013547455756634009,0.017343415432042094,0.016914703972797724,0.011746707068668911,0.015872505045699654,0.03546963512235379,0.00879852857269725,0.014105092100180627,0.0030638451326012728,0.009428472305444302
4,0.006256412884758902,0.007964379138720688,0.007100590405898401,0.002897969186960836,0.009115849719601101,0.03693251323329605,0.008709015792192076,0.015962181992108526,0.002992867382317854,0.00020435507440197398
5,0.002172032887247042,0.004801080968172755,0.0032947337121731835,0.0015894561339155188,0.005099382968037389,0.038886149367499456,0.010922240732725186,0.017100454421779432,0.0049600873462622985,0.0002366824396631273
