epoch,fold_1_train_loss,fold_2_train_loss,fold_3_train_loss,fold_4_train_loss,fold_5_train_loss,fold_1_val_loss,fold_2_val_loss,fold_3_val_loss,fold_4_val_loss,fold_5_val_loss
1,0.09733957449476292,0.09833241381813423,0.09751988206844545,0.09686986756118131,0.08948305179015734,0.059723264108470175,0.04709454077237751,0.031018659617984667,0.02228174503034097,0.031074567734322045
2,0.03481113647487291,0.032506291880890784,0.04331083109667816,0.03162849303298572,0.033456731820369894,0.04008459824581223,0.018965117620609817,0.022756123387807747,0.0017387329035045695,0.004007600818113133
3,0.013219992150634425,0.01775573851605259,0.01815870200345671,0.013511168202830959,0.012418481881613843,0.041466463780125196,0.02097095073395394,0.016803733649794594,0.00862185960613715,0.005403993087838899
4,0.0038666222553729312,0.003345434834645857,0.007182480651081278,0.004596745545486555,0.004094140858496758,0.049486936649600466,0.019854797877314923,0.017782279961693348,0.012969395189657007,2.959761837928454e-05
5,0.0012298849352146135,0.0010678874918812653,0.005433803968508073,0.0017098564348725631,0.0014436460649631044,0.05294512355879988,0.021006750186245426,0.018883928031755204,0.013366641853167494,2.7293638254377584e-05
