{
    "accuracy": [
        0.986,
        0.996,
        0.996,
        0.998,
        0.998
    ],
    "precision": [
        0.919701219190011,
        0.9290288177619178,
        0.9290288177619178,
        0.9308943374762992,
        0.9308943374762992
    ],
    "recall": [
        0.8508707830958471,
        0.969553038606747,
        0.969553038606747,
        0.9705882352941176,
        0.9705882352941176
    ],
    "f1_score": [
        0.8762443104066068,
        0.9405889260652331,
        0.9405889260652331,
        0.9420446599042506,
        0.9420446599042506
    ]
}