{
    "accuracy": [
        0.99,
        0.994,
        0.998,
        0.998,
        0.998
    ],
    "precision": [
        0.9234322586187738,
        0.9271632980475365,
        0.9308943374762992,
        0.9308943374762992,
        0.9308943374762992
    ],
    "recall": [
        0.8813177444890999,
        0.9117647058823529,
        0.9705882352941176,
        0.9705882352941176,
        0.9705882352941176
    ],
    "f1_score": [
        0.8940235007742307,
        0.9113867535580856,
        0.9420446599042506,
        0.9420446599042506,
        0.9420446599042506
    ]
}