epoch,accuracy,precision,recall,f1_score
1,0.992,0.992,0.939106077213494,0.992
2,1.0,0.97,0.95,0.9598958332833388
3,0.998,0.968111111111111,0.9489648033126293,0.9584423477236792
4,0.998,0.968111111111111,0.9489648033126293,0.9584423477236792
5,0.998,0.968111111111111,0.9489648033126293,0.9584423477236792
