epoch,accuracy,precision,recall,f1_score,loss
1,0.986,0.919701219190011,0.8508707830958471,0.8762443104066068,0.0470945407723775
2,0.996,0.9290288177619178,0.969553038606747,0.9405889260652333,0.0189651176206098
3,0.996,0.9290288177619178,0.969553038606747,0.9405889260652333,0.0209709507339539
4,0.998,0.9308943374762992,0.9705882352941176,0.9420446599042506,0.0198547978773149
5,0.998,0.9308943374762992,0.9705882352941176,0.9420446599042506,0.021006750186245426
