epoch,accuracy,precision,recall,f1_score
1,0.986,0.9852045855379188,0.8508707830958471,0.9853442524717867
2,0.996,0.996,0.969553038606747,0.996
3,0.996,0.996,0.969553038606747,0.996
4,0.998,0.9980041322314049,0.9705882352941176,0.9979707310958603
5,0.998,0.9980041322314049,0.9705882352941176,0.9979707310958603
