{
    "accuracy": [
        0.986,
        0.996,
        0.996,
        0.998,
        0.998
    ],
    "precision": [
        0.9852045855379188,
        0.996,
        0.996,
        0.9980041322314049,
        0.9980041322314049
    ],
    "recall": [
        0.8508707830958471,
        0.969553038606747,
        0.969553038606747,
        0.9705882352941176,
        0.9705882352941176
    ],
    "f1_score": [
        0.9853442524717867,
        0.996,
        0.996,
        0.9979707310958603,
        0.9979707310958603
    ]
}