{
    "accuracy": [
        0.994,
        0.998,
        0.998,
        1.0,
        1.0
    ],
    "precision": [
        0.994037037037037,
        0.9980041322314049,
        0.968111111111111,
        0.97,
        0.97
    ],
    "recall": [
        0.9117647058823529,
        0.9705882352941176,
        0.9489648033126293,
        0.95,
        0.95
    ],
    "f1_score": [
        0.9937189653450514,
        0.9979707310958603,
        0.9584423477236792,
        0.9598958332833388,
        0.9598958332833388
    ]
}