epoch,accuracy,precision,recall,f1_score,loss
1,0.992,0.9252977783331552,0.939106077213494,0.9240268865548052,0.0222817450303409
2,1.0,0.9238543145514276,0.9127598571906804,0.9242430035609144,0.0017387329035045
3,0.998,0.9308943374762992,0.9989648033126294,0.9553299522436174,0.0086218596061371
4,0.998,0.9308943374762992,0.9989648033126294,0.9553299522436174,0.012969395189657
5,0.998,0.9308943374762992,0.9989648033126294,0.9553299522436174,0.013366641853167494
