{
    "accuracy": [
        0.994,
        1.0,
        0.998,
        0.998,
        0.998
    ],
    "precision": [
        0.9271632980475365,
        0.9238543145514276,
        0.9308943374762992,
        0.9308943374762992,
        0.9308943374762992
    ],
    "recall": [
        0.9401412739008647,
        0.9127598571906805,
        0.9989648033126294,
        0.9989648033126294,
        0.9989648033126294
    ],
    "f1_score": [
        0.9254705868355125,
        0.9242430035609145,
        0.9553299522436174,
        0.9553299522436174,
        0.9553299522436174
    ]
}