epoch,accuracy,precision,recall,f1_score,loss
1,0.984,0.9178356994756296,0.9349652904640116,0.9182482094973752,0.0597232641084701
2,0.994,0.9271632980475364,0.9117647058823528,0.9113867535580856,0.0400845982458122
3,0.996,0.9290288177619178,0.9411764705882352,0.9269139031297392,0.0414664637801251
4,0.996,0.9290288177619178,0.9411764705882352,0.9269139031297392,0.0494869366496004
5,0.996,0.9290288177619178,0.9411764705882353,0.9269139031297393,0.05294512355879988
