{
    "accuracy": [
        0.99,
        0.994,
        0.998,
        0.998,
        0.998
    ],
    "precision": [
        0.989620811287478,
        0.994037037037037,
        0.9980041322314049,
        0.9980041322314049,
        0.9980041322314049
    ],
    "recall": [
        0.8813177444890999,
        0.9117647058823529,
        0.9705882352941176,
        0.9705882352941176,
        0.9705882352941176
    ],
    "f1_score": [
        0.989531608908419,
        0.9937189653450514,
        0.9979707310958603,
        0.9979707310958603,
        0.9979707310958603
    ]
}