epoch,accuracy,precision,recall,f1_score,loss
1,0.994,0.994037037037037,0.9117647058823528,0.9937189653450514,0.031074567734322
2,0.998,0.9980041322314048,0.9705882352941176,0.9979707310958604,0.0040076008181131
3,0.998,0.968111111111111,0.9489648033126292,0.9584423477236792,0.0054039930878388
4,1.0,0.97,0.95,0.9598958332833388,2.959761837928454e-05
5,1.0,0.97,0.95,0.9598958332833388,2.7293638254377584e-05
