epoch,accuracy,precision,recall,f1_score
1,0.994,0.994037037037037,0.9117647058823529,0.9937189653450514
2,0.998,0.9980041322314049,0.9705882352941176,0.9979707310958603
3,0.998,0.968111111111111,0.9489648033126293,0.9584423477236792
4,1.0,0.97,0.95,0.9598958332833388
5,1.0,0.97,0.95,0.9598958332833388
