epoch,accuracy,precision,recall,f1_score
1,0.984,0.9178356994756296,0.9349652904640117,0.9182482094973753
2,0.994,0.9271632980475365,0.9117647058823529,0.9113867535580856
3,0.996,0.9290288177619178,0.9411764705882353,0.9269139031297393
4,0.996,0.9290288177619178,0.9411764705882353,0.9269139031297393
5,0.996,0.9290288177619178,0.9411764705882353,0.9269139031297393
