{
    "accuracy": [
        0.992,
        1.0,
        0.998,
        0.998,
        0.998
    ],
    "precision": [
        0.992,
        0.97,
        0.968111111111111,
        0.968111111111111,
        0.968111111111111
    ],
    "recall": [
        0.939106077213494,
        0.95,
        0.9489648033126293,
        0.9489648033126293,
        0.9489648033126293
    ],
    "f1_score": [
        0.992,
        0.9598958332833388,
        0.9584423477236792,
        0.9584423477236792,
        0.9584423477236792
    ]
}