epoch,accuracy,precision,recall,f1_score,loss
1,0.994,0.9271632980475364,0.9117647058823528,0.9113867535580856,0.031074567734322
2,0.998,0.9308943374762992,0.9705882352941176,0.9420446599042506,0.0040076008181131
3,0.998,0.9308943374762992,0.9989648033126294,0.9553299522436174,0.0054039930878388
4,1.0,0.9238543145514276,0.9127598571906804,0.9242430035609144,2.959761837928454e-05
5,1.0,0.9238543145514276,0.9127598571906805,0.9242430035609145,2.7293638254377584e-05
