epoch,accuracy,precision,recall,f1_score
1,0.99,0.989620811287478,0.8813177444890999,0.989531608908419
2,0.994,0.994037037037037,0.9117647058823529,0.9937189653450514
3,0.998,0.9980041322314049,0.9705882352941176,0.9979707310958603
4,0.998,0.9980041322314049,0.9705882352941176,0.9979707310958603
5,0.998,0.9980041322314049,0.9705882352941176,0.9979707310958603
