epoch,accuracy,precision,recall,f1_score,loss
1,0.99,0.989620811287478,0.8813177444890999,0.989531608908419,0.0310186596179846
2,0.994,0.994037037037037,0.9117647058823528,0.9937189653450514,0.0227561233878077
3,0.998,0.9980041322314048,0.9705882352941176,0.9979707310958604,0.0168037336497945
4,0.998,0.9980041322314048,0.9705882352941176,0.9979707310958604,0.0177822799616933
5,0.998,0.9980041322314049,0.9705882352941176,0.9979707310958603,0.018883928031755204
