epoch,accuracy,precision,recall,f1_score,loss
1,0.992,0.992,0.939106077213494,0.992,0.0222817450303409
2,1.0,0.97,0.95,0.9598958332833388,0.0017387329035045
3,0.998,0.968111111111111,0.9489648033126292,0.9584423477236792,0.0086218596061371
4,0.998,0.968111111111111,0.9489648033126292,0.9584423477236792,0.012969395189657
5,0.998,0.968111111111111,0.9489648033126293,0.9584423477236792,0.013366641853167494
