{
    "accuracy": [
        0.984,
        0.994,
        0.996,
        0.996,
        0.996
    ],
    "precision": [
        0.9862523113629587,
        0.994037037037037,
        0.9960164948453608,
        0.9960164948453608,
        0.9960164948453608
    ],
    "recall": [
        0.9349652904640117,
        0.9117647058823529,
        0.9411764705882353,
        0.9411764705882353,
        0.9411764705882353
    ],
    "f1_score": [
        0.9848088412298939,
        0.9937189653450514,
        0.995879132231405,
        0.995879132231405,
        0.995879132231405
    ]
}