epoch,accuracy,precision,recall,f1_score,loss
1,0.984,0.9862523113629588,0.9349652904640116,0.984808841229894,0.0597232641084701
2,0.994,0.994037037037037,0.9117647058823528,0.9937189653450514,0.0400845982458122
3,0.996,0.9960164948453608,0.9411764705882352,0.995879132231405,0.0414664637801251
4,0.996,0.9960164948453608,0.9411764705882352,0.995879132231405,0.0494869366496004
5,0.996,0.9960164948453608,0.9411764705882353,0.995879132231405,0.05294512355879988
