epoch,accuracy,precision,recall,f1_score
1,0.994,0.9271632980475365,0.9117647058823529,0.9113867535580856
2,0.998,0.9308943374762992,0.9705882352941176,0.9420446599042506
3,0.998,0.9308943374762992,0.9989648033126294,0.9553299522436174
4,1.0,0.9238543145514276,0.9127598571906805,0.9242430035609145
5,1.0,0.9238543145514276,0.9127598571906805,0.9242430035609145
