epoch,training_loss_1,validation_loss_1,training_loss_2,validation_loss_2,training_loss_3,validation_loss_3,training_loss_4,validation_loss_4,training_loss_5,validation_loss_5,accuracy_1,accuracy_2,accuracy_3,accuracy_4,accuracy_5,precision_1,precision_2,precision_3,precision_4,precision_5,recall_1,recall_2,recall_3,recall_4,recall_5,f1_score_1,f1_score_2,f1_score_3,f1_score_4,f1_score_5
"range(1, 6)",0.08948305179015734,0.031074567734322045,0.033456731820369894,0.004007600818113133,0.012418481881613843,0.005403993087838899,0.004094140858496758,2.959761837928454e-05,0.0014436460649631044,2.7293638254377584e-05,0.994,0.998,0.998,1.0,1.0,0.9271632980475365,0.9308943374762992,0.9308943374762992,0.9238543145514276,0.9238543145514276,0.9117647058823529,0.9705882352941176,0.9989648033126294,0.9127598571906805,0.9127598571906805,0.9113867535580856,0.9420446599042506,0.9553299522436174,0.9242430035609145,0.9242430035609145
