epoch,training_loss_1,validation_loss_1,training_loss_2,validation_loss_2,training_loss_3,validation_loss_3,training_loss_4,validation_loss_4,training_loss_5,validation_loss_5,accuracy_1,accuracy_2,accuracy_3,accuracy_4,accuracy_5,precision_1,precision_2,precision_3,precision_4,precision_5,recall_1,recall_2,recall_3,recall_4,recall_5,f1_score_1,f1_score_2,f1_score_3,f1_score_4,f1_score_5
"range(1, 6)",0.11187482067965902,0.037061945760797244,0.039314638286305124,0.0104091428402171,0.017343415432042094,0.00879852857269725,0.007964379138720688,0.008709015792192076,0.004801080968172755,0.010922240732725186,0.99,0.996,0.998,0.998,0.998,0.9234322586187738,0.9290288177619178,0.9308943374762992,0.9308943374762992,0.9308943374762992,0.8529411764705883,0.9411764705882353,0.9705882352941176,0.9705882352941176,0.9705882352941176,0.8790595227538174,0.9269139031297393,0.9420446599042506,0.9420446599042506,0.9420446599042506
