epoch,training_loss_1,validation_loss_1,training_loss_2,validation_loss_2,training_loss_3,validation_loss_3,training_loss_4,validation_loss_4,training_loss_5,validation_loss_5,accuracy_1,accuracy_2,accuracy_3,accuracy_4,accuracy_5,precision_1,precision_2,precision_3,precision_4,precision_5,recall_1,recall_2,recall_3,recall_4,recall_5,f1_score_1,f1_score_2,f1_score_3,f1_score_4,f1_score_5
"range(1, 6)",0.08948305179015734,0.031074567734322045,0.033456731820369894,0.004007600818113133,0.012418481881613843,0.005403993087838899,0.004094140858496758,2.959761837928454e-05,0.0014436460649631044,2.7293638254377584e-05,0.994,0.998,0.998,1.0,1.0,0.994037037037037,0.9980041322314049,0.968111111111111,0.97,0.97,0.9117647058823529,0.9705882352941176,0.9489648033126293,0.95,0.95,0.9937189653450514,0.9979707310958603,0.9584423477236792,0.9598958332833388,0.9598958332833388
