epoch,training_loss_1,validation_loss_1,training_loss_2,validation_loss_2,training_loss_3,validation_loss_3,training_loss_4,validation_loss_4,training_loss_5,validation_loss_5,accuracy_1,accuracy_2,accuracy_3,accuracy_4,accuracy_5,precision_1,precision_2,precision_3,precision_4,precision_5,recall_1,recall_2,recall_3,recall_4,recall_5,f1_score_1,f1_score_2,f1_score_3,f1_score_4,f1_score_5
"range(1, 6)",0.09733957449476292,0.059723264108470175,0.03481113647487291,0.04008459824581223,0.013219992150634425,0.041466463780125196,0.0038666222553729312,0.049486936649600466,0.0012298849352146135,0.05294512355879988,0.984,0.994,0.996,0.996,0.996,0.9862523113629587,0.994037037037037,0.9960164948453608,0.9960164948453608,0.9960164948453608,0.9349652904640117,0.9117647058823529,0.9411764705882353,0.9411764705882353,0.9411764705882353,0.9848088412298939,0.9937189653450514,0.995879132231405,0.995879132231405,0.995879132231405
