epoch,training_loss_1,validation_loss_1,training_loss_2,validation_loss_2,training_loss_3,validation_loss_3,training_loss_4,validation_loss_4,training_loss_5,validation_loss_5,accuracy_1,accuracy_2,accuracy_3,accuracy_4,accuracy_5,precision_1,precision_2,precision_3,precision_4,precision_5,recall_1,recall_2,recall_3,recall_4,recall_5,f1_score_1,f1_score_2,f1_score_3,f1_score_4,f1_score_5
"range(1, 6)",0.10195283916487824,0.051643389742821455,0.03649534642026993,0.0320227073298156,0.013547455756634009,0.03546963512235379,0.006256412884758902,0.03693251323329605,0.002172032887247042,0.038886149367499456,0.984,0.996,0.994,0.994,0.996,0.9178356994756296,0.9290288177619178,0.9271632980475365,0.9271632980475365,0.9290288177619178,0.8782121544269881,0.9411764705882353,0.9401412739008647,0.9401412739008647,0.9411764705882353,0.8897641746686775,0.9269139031297393,0.9254705868355125,0.9254705868355125,0.9269139031297393
