epoch,training_loss_1,validation_loss_1,training_loss_2,validation_loss_2,training_loss_3,validation_loss_3,training_loss_4,validation_loss_4,training_loss_5,validation_loss_5,accuracy_1,accuracy_2,accuracy_3,accuracy_4,accuracy_5,precision_1,precision_2,precision_3,precision_4,precision_5,recall_1,recall_2,recall_3,recall_4,recall_5,f1_score_1,f1_score_2,f1_score_3,f1_score_4,f1_score_5
"range(1, 6)",0.10390538511099294,0.0489489361680171,0.03805801178183174,0.00871397988339595,0.015872505045699654,0.009428472305444302,0.009115849719601101,0.00020435507440197398,0.005099382968037389,0.0002366824396631273,0.992,0.996,0.996,1.0,1.0,0.9252977783331551,0.9290288177619178,0.9290288177619178,0.9238543145514276,0.9238543145514276,0.8823529411764706,0.9411764705882353,0.969553038606747,0.9127598571906805,0.9127598571906805,0.8954426351618666,0.9269139031297393,0.9405889260652331,0.9242430035609145,0.9242430035609145
