epoch,training_loss_1,validation_loss_1,training_loss_2,validation_loss_2,training_loss_3,validation_loss_3,training_loss_4,validation_loss_4,training_loss_5,validation_loss_5,accuracy_1,accuracy_2,accuracy_3,accuracy_4,accuracy_5,precision_1,precision_2,precision_3,precision_4,precision_5,recall_1,recall_2,recall_3,recall_4,recall_5,f1_score_1,f1_score_2,f1_score_3,f1_score_4,f1_score_5
"range(1, 6)",0.09686986756118131,0.02228174503034097,0.03162849303298572,0.0017387329035045695,0.013511168202830959,0.00862185960613715,0.004596745545486555,0.012969395189657007,0.0017098564348725631,0.013366641853167494,0.992,1.0,0.998,0.998,0.998,0.992,0.97,0.968111111111111,0.968111111111111,0.968111111111111,0.939106077213494,0.95,0.9489648033126293,0.9489648033126293,0.9489648033126293,0.992,0.9598958332833388,0.9584423477236792,0.9584423477236792,0.9584423477236792
