epoch,training_loss_1,validation_loss_1,training_loss_2,validation_loss_2,training_loss_3,validation_loss_3,training_loss_4,validation_loss_4,training_loss_5,validation_loss_5,accuracy_1,accuracy_2,accuracy_3,accuracy_4,accuracy_5,precision_1,precision_2,precision_3,precision_4,precision_5,recall_1,recall_2,recall_3,recall_4,recall_5,f1_score_1,f1_score_2,f1_score_3,f1_score_4,f1_score_5
"range(1, 6)",0.0990466475125868,0.025910978147294372,0.030858834297105203,0.0026705973796197213,0.011746707068668911,0.0030638451326012728,0.002897969186960836,0.002992867382317854,0.0015894561339155188,0.0049600873462622985,0.994,1.0,0.998,0.998,0.998,0.9271632980475365,0.9238543145514276,0.9308943374762992,0.9308943374762992,0.9308943374762992,0.9401412739008647,0.9127598571906805,0.9989648033126294,0.9989648033126294,0.9989648033126294,0.9254705868355125,0.9242430035609145,0.9553299522436174,0.9553299522436174,0.9553299522436174
