epoch,training_loss_1,validation_loss_1,training_loss_2,validation_loss_2,training_loss_3,validation_loss_3,training_loss_4,validation_loss_4,training_loss_5,validation_loss_5,accuracy_1,accuracy_2,accuracy_3,accuracy_4,accuracy_5,precision_1,precision_2,precision_3,precision_4,precision_5,recall_1,recall_2,recall_3,recall_4,recall_5,f1_score_1,f1_score_2,f1_score_3,f1_score_4,f1_score_5
"range(1, 6)",0.09833241381813423,0.04709454077237751,0.032506291880890784,0.018965117620609817,0.01775573851605259,0.02097095073395394,0.003345434834645857,0.019854797877314923,0.0010678874918812653,0.021006750186245426,0.986,0.996,0.996,0.998,0.998,0.919701219190011,0.9290288177619178,0.9290288177619178,0.9308943374762992,0.9308943374762992,0.8508707830958471,0.969553038606747,0.969553038606747,0.9705882352941176,0.9705882352941176,0.8762443104066068,0.9405889260652331,0.9405889260652331,0.9420446599042506,0.9420446599042506
