epoch,training_loss_1,validation_loss_1,training_loss_2,validation_loss_2,training_loss_3,validation_loss_3,training_loss_4,validation_loss_4,training_loss_5,validation_loss_5,accuracy_1,accuracy_2,accuracy_3,accuracy_4,accuracy_5,precision_1,precision_2,precision_3,precision_4,precision_5,recall_1,recall_2,recall_3,recall_4,recall_5,f1_score_1,f1_score_2,f1_score_3,f1_score_4,f1_score_5
"range(1, 6)",0.09686986756118131,0.02228174503034097,0.03162849303298572,0.0017387329035045695,0.013511168202830959,0.00862185960613715,0.004596745545486555,0.012969395189657007,0.0017098564348725631,0.013366641853167494,0.992,1.0,0.998,0.998,0.998,0.9252977783331551,0.9238543145514276,0.9308943374762992,0.9308943374762992,0.9308943374762992,0.939106077213494,0.9127598571906805,0.9989648033126294,0.9989648033126294,0.9989648033126294,0.9240268865548051,0.9242430035609145,0.9553299522436174,0.9553299522436174,0.9553299522436174
