epoch,training_loss_1,validation_loss_1,training_loss_2,validation_loss_2,training_loss_3,validation_loss_3,training_loss_4,validation_loss_4,training_loss_5,validation_loss_5,accuracy_1,accuracy_2,accuracy_3,accuracy_4,accuracy_5,precision_1,precision_2,precision_3,precision_4,precision_5,recall_1,recall_2,recall_3,recall_4,recall_5,f1_score_1,f1_score_2,f1_score_3,f1_score_4,f1_score_5
"range(1, 6)",0.09751988206844545,0.031018659617984667,0.04331083109667816,0.022756123387807747,0.01815870200345671,0.016803733649794594,0.007182480651081278,0.017782279961693348,0.005433803968508073,0.018883928031755204,0.99,0.994,0.998,0.998,0.998,0.9234322586187738,0.9271632980475365,0.9308943374762992,0.9308943374762992,0.9308943374762992,0.8813177444890999,0.9117647058823529,0.9705882352941176,0.9705882352941176,0.9705882352941176,0.8940235007742307,0.9113867535580856,0.9420446599042506,0.9420446599042506,0.9420446599042506
