epoch,fold_1_train_loss,fold_2_train_loss,fold_3_train_loss,fold_4_train_loss,fold_5_train_loss,fold_1_val_loss,fold_2_val_loss,fold_3_val_loss,fold_4_val_loss,fold_5_val_loss
1,1.4297365644201636,1.51305016733706,1.4978049377351998,1.4816728851944208,1.596085810288787,0.5711418241262436,0.6239700056612492,0.6881806273013353,0.582292266190052,0.6574569065123796
2,0.5310424668341875,0.5822565498389304,0.5758949226140976,0.5576136654987931,0.605211766846478,0.3323046378791332,0.3385951006785035,0.31389313749969006,0.3083986211568117,0.343301011249423
3,0.2872522208373994,0.3192273989226669,0.31577145173214377,0.31361197782214734,0.33665118551347406,0.19988564867526293,0.22245648608077317,0.23634470580145717,0.2260696035809815,0.19582858821377158
4,0.15426282301079483,0.18883994420291855,0.18199226016178727,0.17521618542261422,0.20034118024399505,0.19413678790442646,0.1931748315691948,0.17823087447322905,0.18417798494920135,0.14983231422957033
5,0.09312139863264747,0.11302406890317798,0.11261523777502588,0.1082484160293825,0.11766281850636005,0.17243397154379636,0.18562602647580206,0.16782968665938824,0.17188489972613752,0.1459653551573865
