,accuracy,precision,recall,f1_score
Fold 1,0.964,0.899180502331816,0.9699056735674694,0.9250718928811364
Fold 2,0.936,0.8895522040096326,0.9443388433894842,0.9232849636051943
Fold 3,0.962,0.9221290320618232,0.9763344616835775,0.9415203421083118
Fold 4,0.962,0.9139850915812396,0.9684729559498471,0.9417769153017872
Fold 5,0.958,0.8995931659307349,0.9715112787901448,0.9270233955312973
Average,0.9564,0.9048879991830493,0.9661126426761045,0.9317355018855455
Std Dev,0.0103846039885977,0.011625899517076656,0.011204350522724988,0.008180370530312338
