{
    "accuracy": [
        0.824,
        0.91,
        0.934,
        0.948,
        0.954
    ],
    "precision": [
        0.8225863505013504,
        0.9108532189017264,
        0.9399128521281463,
        0.8842563446167652,
        0.8898529037599092
    ],
    "recall": [
        0.7513525522323187,
        0.8950483497145935,
        0.9510653294690505,
        0.9477276631839424,
        0.9527965931481055
    ],
    "f1_score": [
        0.7808442659773648,
        0.8976930211575012,
        0.9400229369956864,
        0.9069189862793235,
        0.9122295047138668
    ]
}