{
    "accuracy": [
        0.826,
        0.9,
        0.94,
        0.952,
        0.964
    ],
    "precision": [
        0.828100513003839,
        0.9058323473620414,
        0.8767942657592397,
        0.9548117852184512,
        0.899180502331816
    ],
    "recall": [
        0.8194077169721695,
        0.852717770212945,
        0.9272801882448936,
        0.9440079025893771,
        0.9699056735674694
    ],
    "f1_score": [
        0.8189974342227474,
        0.8734245996334797,
        0.893475514119908,
        0.9439232975323928,
        0.9250718928811364
    ]
}