epoch,accuracy,precision,recall,f1_score,loss
1,0.824,0.8225863505013504,0.7513525522323187,0.7808442659773648,0.582292266190052
2,0.91,0.9108532189017264,0.8950483497145935,0.8976930211575012,0.3083986211568117
3,0.934,0.9399128521281463,0.9510653294690504,0.9400229369956864,0.2260696035809815
4,0.948,0.8842563446167652,0.9477276631839424,0.9069189862793235,0.1841779849492013
5,0.954,0.8898529037599092,0.9527965931481055,0.9122295047138668,0.17188489972613752
