epoch,accuracy,precision,recall,f1_score,loss
1,0.802,0.7845591813677624,0.739083522766203,0.7567686339787448,0.6574569065123796
2,0.9,0.8394838714716125,0.9005634472250816,0.8613785319648074,0.343301011249423
3,0.944,0.9454310361316242,0.8616453051880024,0.8937381798623453,0.1958285882137715
4,0.958,0.9604996557892111,0.9614697185949936,0.9554619393773456,0.1498323142295703
5,0.958,0.893583943188672,0.96263984476512,0.9187498604783658,0.1459653551573865
