epoch,training_loss_1,validation_loss_1,training_loss_2,validation_loss_2,training_loss_3,validation_loss_3,training_loss_4,validation_loss_4,training_loss_5,validation_loss_5,accuracy_1,accuracy_2,accuracy_3,accuracy_4,accuracy_5,precision_1,precision_2,precision_3,precision_4,precision_5,recall_1,recall_2,recall_3,recall_4,recall_5,f1_score_1,f1_score_2,f1_score_3,f1_score_4,f1_score_5
"range(1, 6)",1.4816728851944208,0.582292266190052,0.5576136654987931,0.3083986211568117,0.31361197782214734,0.2260696035809815,0.17521618542261422,0.18417798494920135,0.1082484160293825,0.17188489972613752,0.824,0.91,0.934,0.948,0.954,0.8225863505013504,0.9108532189017264,0.9399128521281463,0.8842563446167652,0.8898529037599092,0.7513525522323187,0.8950483497145935,0.9510653294690505,0.9477276631839424,0.9527965931481055,0.7808442659773648,0.8976930211575012,0.9400229369956864,0.9069189862793235,0.9122295047138668
