epoch,training_loss_1,validation_loss_1,training_loss_2,validation_loss_2,training_loss_3,validation_loss_3,training_loss_4,validation_loss_4,training_loss_5,validation_loss_5,accuracy_1,accuracy_2,accuracy_3,accuracy_4,accuracy_5,precision_1,precision_2,precision_3,precision_4,precision_5,recall_1,recall_2,recall_3,recall_4,recall_5,f1_score_1,f1_score_2,f1_score_3,f1_score_4,f1_score_5
"range(1, 6)",1.51305016733706,0.6239700056612492,0.5822565498389304,0.3385951006785035,0.3192273989226669,0.22245648608077317,0.18883994420291855,0.1931748315691948,0.11302406890317798,0.18562602647580206,0.814,0.896,0.938,0.952,0.956,0.796005926722616,0.9009056735864546,0.8749287460448583,0.8879873840455278,0.8917184234742905,0.7485168147763226,0.8946307102569983,0.9202571383281841,0.9544911081102286,0.9565849535775679,0.7670975319990844,0.8925980729174852,0.8892029317722752,0.9120206794532774,0.9149691644197092
