{
    "accuracy": [
        0.802,
        0.9,
        0.944,
        0.958,
        0.958
    ],
    "precision": [
        0.7845591813677624,
        0.8394838714716125,
        0.9454310361316242,
        0.9604996557892113,
        0.893583943188672
    ],
    "recall": [
        0.739083522766203,
        0.9005634472250816,
        0.8616453051880024,
        0.9614697185949937,
        0.96263984476512
    ],
    "f1_score": [
        0.7567686339787448,
        0.8613785319648074,
        0.8937381798623453,
        0.9554619393773456,
        0.9187498604783658
    ]
}