{
    "accuracy": [
        0.814,
        0.896,
        0.938,
        0.952,
        0.956
    ],
    "precision": [
        0.796005926722616,
        0.9009056735864546,
        0.8749287460448583,
        0.8879873840455278,
        0.8917184234742905
    ],
    "recall": [
        0.7485168147763226,
        0.8946307102569983,
        0.9202571383281841,
        0.9544911081102286,
        0.9565849535775679
    ],
    "f1_score": [
        0.7670975319990844,
        0.8925980729174852,
        0.8892029317722752,
        0.9120206794532774,
        0.9149691644197092
    ]
}