{
    "accuracy": [
        0.802,
        0.916,
        0.944,
        0.962,
        0.962
    ],
    "precision": [
        0.8065163139712245,
        0.8544080291866634,
        0.8805253051880024,
        0.8973149826174347,
        0.8973149826174347
    ],
    "recall": [
        0.7255733860805015,
        0.9039902120846125,
        0.9456491954514353,
        0.9509713127213438,
        0.9505513321454456
    ],
    "f1_score": [
        0.7595167197580683,
        0.8708437484838896,
        0.9039784027886391,
        0.9153169866332765,
        0.9151206923365651
    ]
}