epoch,training_loss_1,validation_loss_1,training_loss_2,validation_loss_2,training_loss_3,validation_loss_3,training_loss_4,validation_loss_4,training_loss_5,validation_loss_5,accuracy_1,accuracy_2,accuracy_3,accuracy_4,accuracy_5,precision_1,precision_2,precision_3,precision_4,precision_5,recall_1,recall_2,recall_3,recall_4,recall_5,f1_score_1,f1_score_2,f1_score_3,f1_score_4,f1_score_5
"range(1, 6)",1.4978049377351998,0.6881806273013353,0.5758949226140976,0.31389313749969006,0.31577145173214377,0.23634470580145717,0.18199226016178727,0.17823087447322905,0.11261523777502588,0.16782968665938824,0.802,0.916,0.944,0.962,0.962,0.8065163139712245,0.8544080291866634,0.8805253051880024,0.8973149826174347,0.8973149826174347,0.7255733860805015,0.9039902120846125,0.9456491954514353,0.9509713127213438,0.9505513321454456,0.7595167197580683,0.8708437484838896,0.9039784027886391,0.9153169866332765,0.9151206923365651
