epoch,training_loss_1,validation_loss_1,training_loss_2,validation_loss_2,training_loss_3,validation_loss_3,training_loss_4,validation_loss_4,training_loss_5,validation_loss_5,accuracy_1,accuracy_2,accuracy_3,accuracy_4,accuracy_5,precision_1,precision_2,precision_3,precision_4,precision_5,recall_1,recall_2,recall_3,recall_4,recall_5,f1_score_1,f1_score_2,f1_score_3,f1_score_4,f1_score_5
"range(1, 6)",1.4297365644201636,0.5711418241262436,0.5310424668341875,0.3323046378791332,0.2872522208373994,0.19988564867526293,0.15426282301079483,0.19413678790442646,0.09312139863264747,0.17243397154379636,0.826,0.9,0.94,0.952,0.964,0.828100513003839,0.9058323473620414,0.8767942657592397,0.9548117852184512,0.899180502331816,0.8194077169721695,0.852717770212945,0.9272801882448936,0.9440079025893771,0.9699056735674694,0.8189974342227474,0.8734245996334797,0.893475514119908,0.9439232975323928,0.9250718928811364
