{
    "accuracy": [
        0.864,
        0.914,
        0.968,
        0.99,
        0.978
    ],
    "precision": [
        0.8649252486421332,
        0.9221305255984018,
        0.9278803565861172,
        0.9405875682592799,
        0.9183738165764705
    ],
    "recall": [
        0.8252270895785752,
        0.9081604183425287,
        0.9817297026595807,
        0.9922555043522784,
        0.9857338263588262
    ],
    "f1_score": [
        0.8397562234793579,
        0.9152069358690709,
        0.9470673434086743,
        0.9671033631121015,
        0.9435879533088956
    ]
}